epoch,steps,MRR@10
0,1000,0.05117857142857143
0,2000,0.4731527777777778
0,3000,0.5032857142857143
0,4000,0.5537341269841269
0,5000,0.5735178571428571
0,6000,0.5708373015873016
0,7000,0.5952242063492064
0,8000,0.5726746031746032
0,9000,0.5929722222222222
0,10000,0.587031746031746
0,11000,0.6019325396825397
