epoch,steps,MRR@10
0,1000,0.2915912698412699
0,2000,0.4846071428571429
0,3000,0.5069107142857142
0,4000,0.5450496031746032
0,5000,0.5314761904761904
0,6000,0.5578293650793651
0,7000,0.5876150793650793
0,8000,0.5793452380952381
