epoch,steps,MRR@10
0,1000,0.07960714285714285
0,2000,0.5117876984126984
0,3000,0.5322718253968254
0,4000,0.5702638888888889
0,5000,0.5780099206349206
0,6000,0.5422599206349207
0,7000,0.5930099206349206
0,8000,0.5794484126984127
0,9000,0.609265873015873
0,10000,0.6192400793650793
0,11000,0.6136904761904761
