epoch,steps,MRR@10
0,1000,0.40078174603174604
0,2000,0.5031527777777778
0,3000,0.5372896825396826
0,4000,0.5323690476190476
0,5000,0.5452559523809524
0,6000,0.574845238095238
0,7000,0.5636051587301587
0,8000,0.5644067460317461
0,9000,0.5784126984126984
